City,Company,Country,Customer Id,Email,Email Provider,First Name,Index,Last Name,Phone 1,Phone 2,Subscription Date,Website
East Leonard,Rasmussen Group,Chile,DD37Cf93aecA6Dc,zunigavanessa@smith.info,smith.info,Sheryl,1,Baxter,229.077.5154,397.884.0519x718,2020-08-24,http://www.stephenson.com/
East Jimmychester,Vega-Gentry,Djibouti,1Ef7b82A4CAAD10,vmata@colon.com,colon.com,Preston,2,Lozano,5153435776,686-620-1820x944,2021-04-23,http://www.hobbs.com/
Isabelborough,Murillo-Perry,Antigua and Barbuda,6F94879bDAfE5a6,beckycarr@hogan.com,hogan.com,Roy,3,Berry,+1-539-402-0259,(496)978-3969x58947,2020-03-25,http://www.lawrence.com/
Bensonview,"Dominguez, Mcmillan and Donovan",Dominican Republic,5Cef8BFA16c5e3c,stanleyblackwell@benson.org,benson.org,Linda,4,Olsen,001-808-617-6467x12895,+1-813-324-8756,2020-06-02,http://www.good-lyons.com/
West Priscilla,"Martin, Lang and Andrade",Slovakia (Slovak Republic),053d585Ab6b3159,colinalvarado@miles.net,miles.net,Joanna,5,Bender,001-234-203-0635x76146,001-199-446-3860x3486,2021-04-17,https://goodwin-ingram.com/
Chavezborough,Steele Group,Bosnia and Herzegovina,2d08FB17EE273F4,louis27@gilbert.com,gilbert.com,Aimee,6,Downs,(283)437-3886x88321,999-728-1637,2020-02-25,http://www.berger.net/
Lake Ana,"Lester, Woodard and Mitchell",Pitcairn Islands,EA4d384DfDbBf77,tgates@cantrell.com,cantrell.com,Darren,7,Peck,(496)452-6181x3291,+1-247-266-0963x4995,2021-08-24,https://www.le.com/
Kimport,"Sanford, Davenport and Giles",Bulgaria,0e04AFde9f225dE,asnow@colon.com,colon.com,Brett,8,Mullen,001-583-352-7197x297,001-333-145-0369,2021-04-12,https://hammond-ramsey.com/
Robersonstad,Browning-Simon,Cyprus,C2dE4dEEc489ae0,mariokhan@ryan-pope.org,ryan-pope.org,Sheryl,9,Meyers,854-138-4911x5772,+1-448-910-2276x729,2020-01-13,https://www.bullock.net/
Elaineberg,Beck-Hendrix,Timor-Leste,8C2811a503C7c5a,mdyer@escobar.net,escobar.net,Michelle,10,Gallagher,739.218.2516x459,001-054-401-0347x617,2021-11-08,https://arias.com/
Shannonville,"Oconnell, Meza and Everett",Guernsey,216E205d6eBb815,kirksalas@webb.com,webb.com,Carl,11,Schroeder,637-854-0256x825,114.336.0784x788,2021-10-20,https://simmons-hurley.com/
East Andrea,"Hoffman, Reed and Mcclain",Vietnam,CEDec94deE6d69B,mark42@robbins.com,robbins.com,Jenna,12,Dodson,(041)737-3846,+1-556-888-3485x42608,2020-11-29,http://www.douglas.net/
South Joannamouth,Graham-Francis,Togo,e35426EbDEceaFF,alex56@walls.org,walls.org,Tracey,13,Mata,001-949-844-8787,(855)713-8773,2021-12-02,http://www.beck.com/
Jodyberg,Carpenter-Cook,Sri Lanka,A08A8aF8BE9FaD4,holdenmiranda@clarke.com,clarke.com,Kristine,14,Cox,786-284-3358x62152,+1-315-627-1796x8074,2021-02-08,https://www.brandt.com/
Burchbury,Carter-Hancock,Singapore,6fEaA1b7cab7B6C,cassieparrish@blevins-chapman.net,blevins-chapman.net,Faith,15,Lutz,(781)861-7180x8306,207-185-3665,2022-01-26,http://stevenson.org/
Desireeshire,Singleton and Sons,Oman,8cad0b4CBceaeec,vduncan@parks-hardy.com,parks-hardy.com,Miranda,16,Beasley,540.085.3135x185,+1-600-462-6432x21881,2022-04-12,http://acosta.org/
West Adriennestad,Winters-Mendoza,Western Sahara,a5DC21AE3a21eaA,holtgwendolyn@watson-davenport.com,watson-davenport.com,Caroline,17,Foley,936.222.4746x9924,001-469-948-6341x359,2021-03-10,http://www.benson-roth.com/
Lake Leslie,Valentine LLC,Mozambique,F8Aa9d6DfcBeeF8,jaredjuarez@carroll.org,carroll.org,Greg,18,Mata,(701)087-2415,(195)156-1861x26241,2022-03-26,http://pitts-cherry.com/
Harmonview,Simon LLC,South Georgia and the South Sandwich Islands,F160f5Db3EfE973,joseph26@jacobson.com,jacobson.com,Clifford,19,Jacobson,001-151-330-3524x0469,(748)477-7174,2020-09-24,https://mcconnell.com/
Jamesshire,Mays-Mccormick,French Polynesia,0F60FF3DdCd7aB0,tuckerangie@salazar.net,salazar.net,Joanna,20,Kirk,(266)131-7001x711,(283)312-5579x11543,2021-09-24,https://www.camacho.net/
East Carly,Patterson Inc,Malta,9F9AdB7B8A6f7F2,fgibson@drake-webb.com,drake-webb.com,Maxwell,21,Frye,423.262.3059,202-880-0688x7491,2022-01-12,http://www.roberts.com/
South Alvin,"Manning, Hester and Arroyo",Netherlands,FBd0Ded4F02a742,blanchardbob@wallace-shannon.com,wallace-shannon.com,Kiara,22,Houston,001-274-040-3582x10611,+1-528-175-0973x4684,2020-09-15,https://www.reid-potts.com/
Brittanyview,Greer and Sons,Paraguay,2FB0FAA1d429421,rsingleton@ryan-cherry.com,ryan-cherry.com,Colleen,23,Howard,1935085151,(947)115-7711x5488,2020-08-19,http://paul.biz/
Veronicamouth,Watts-Donaldson,Lao People's Democratic Republic,010468dAA11382c,stefanie71@spence.com,spence.com,Janet,24,Valenzuela,354.259.5062x7538,500.433.2022,2020-09-08,https://moreno.biz/
Bryanville,Tucker LLC,Albania,eC1927Ca84E033e,mariah88@santos.com,santos.com,Shane,25,Wilcox,(429)005-9030x11004,541-116-4501,2021-04-06,https://www.ramos.com/
Kaitlyntown,Giles Ltd,Panama,09D7D7C8Fe09aea,donnamullins@norris-barrett.org,norris-barrett.org,Marcus,26,Moody,674-677-8623,909-277-5485x566,2022-05-24,https://www.curry.com/
Michealshire,Simmons Group,Belarus,aBdfcF2c50b0bfD,stacey67@fields.org,fields.org,Dakota,27,Poole,(371)987-8576x4720,071-152-1376,2022-02-20,https://sanford-wilcox.biz/
South Marissatown,"Hinton, Chaney and Stokes",Switzerland,b92EBfdF8a3f0E6,jacobkhan@bright.biz,bright.biz,Frederick,28,Harper,+1-077-121-1558x0687,264.742.7149,2022-05-26,https://callahan.org/
Acevedoville,Santana-Duran,Saint Vincent and the Grenadines,3B5dAAFA41AFa22,wterrell@clark.com,clark.com,Stefanie,29,Fitzpatrick,(752)776-3286,+1-472-021-4814x85074,2020-07-30,https://meyers.com/
North Harold,Sawyer PLC,Tanzania,EDA69ca7a6e96a2,qjimenez@boyd.com,boyd.com,Kent,30,Bradshaw,+1-472-143-5037x884,126.922.6153,2020-04-26,http://maynard-ho.com/
West Samuel,"Acosta, Petersen and Morrow",Zimbabwe,64DCcDFaB9DFd4e,gfigueroa@boone-zavala.com,boone-zavala.com,Jack,31,Tate,965-108-4406x20714,046.906.1442x6784,2021-09-15,http://www.hawkins-ramsey.com/
Cunninghamborough,Mcgee Group,Denmark,679c6c83DD872d6,tapiagreg@beard.info,beard.info,Tom,32,Trujillo,416-338-3758,(775)890-7209,2022-01-13,http://www.daniels-klein.com/
Port Annatown,Adkins-Salinas,Liechtenstein,7Ce381e4Afa4ba9,coleolson@jennings.net,jennings.net,Gabriel,33,Mejia,4077245425,646.044.0696x66800,2021-04-24,https://patel-hanson.info/
New Kaitlyn,Herrera Group,United States of America,A09AEc6E3bF70eE,georgeross@miles.org,miles.org,Kaitlyn,34,Santana,6303643286,447-710-6202x07313,2021-09-21,http://pham.com/
West Marthaburgh,"Waters, Chase and Aguilar",Bahamas,aA9BAFfBc3710fe,willistonya@randolph-baker.com,randolph-baker.com,Faith,35,Moon,+1-586-217-0359x6317,+1-818-199-1403,2021-11-03,https://spencer-charles.info/
East Teresa,"Palmer, Barnes and Houston",Belize,E11dfb2DB8C9f72,harrisisaiah@jenkins.com,jenkins.com,Tammie,36,Haley,001-276-734-4113x6087,(430)300-8770,2022-01-04,http://evans-simon.com/
South Hunter,Jordan Ltd,Uruguay,889eCf90f68c5Da,fwolfe@dorsey.com,dorsey.com,Nicholas,37,Sosa,(661)425-6042,975-998-1519,2021-08-10,https://www.fleming-richards.com/
South Walter,Glover and Sons,Solomon Islands,7a1Ee69F4fF4B4D,tiffanydavies@harris-mcfarland.org,harris-mcfarland.org,Jordan,38,Gay,7208417020,8035336772,2021-02-24,http://www.lee.org/
Poolefurt,Huerta-Mclean,Montenegro,dca4f1D0A0fc5c9,preese@frye-vega.com,frye-vega.com,Bruce,39,Esparza,559-529-4424,001-625-000-7132x0367,2021-10-22,http://www.farley.org/
West John,Anderson Ltd,Poland,17aD8e2dB3df03D,ann48@miller.com,miller.com,Sherry,40,Garza,001-067-713-6440x158,(978)289-8785x5766,2021-11-01,http://spence.com/
West Darius,Monroe PLC,Dominican Republic,2f79Cd309624Abb,tcummings@fitzpatrick-ashley.com,fitzpatrick-ashley.com,Natalie,41,Gentry,830.996.8238,499.122.5415,2020-10-10,http://www.dorsey.biz/
North Jimstad,Kaufman and Sons,Burkina Faso,6e5ad5a5e2bB5Ca,woodwardandres@phelps.com,phelps.com,Bryan,42,Dunn,001-710-802-5565,078.699.8982x13881,2021-09-08,http://www.butler.com/
East Rebekahborough,Perkins-Trevino,Bolivia,7E441b6B228DBcA,barbarapittman@holder.com,holder.com,Wayne,43,Simpson,(344)156-8632x1869,463-445-3702x38463,2020-12-13,https://gillespie-holder.com/
North Drew,Cross PLC,Bulgaria,D3fC11A9C235Dc6,bstuart@williamson-mcclure.com,williamson-mcclure.com,Luis,44,Greer,001-336-025-6849x701,684.698.2911x6092,2022-05-15,https://fletcher-nielsen.com/
Lake Lindaburgh,"Herrera, Shepherd and Underwood",Monaco,30Dfa48fe5Ede78,zkrueger@wolf-chavez.net,wolf-chavez.net,Rhonda,45,Frost,(127)081-9339,+1-431-028-3337x3492,2021-12-06,http://www.khan.com/
Gwendolynview,"Price, Sexton and Mcdaniel",Palau,fD780ED8dbEae7B,juan80@henson.net,henson.net,Joanne,46,Montes,(897)726-7952,(467)886-9467x5721,2020-07-01,http://ochoa.com/
Zimmermanland,Short-Wiggins,Uzbekistan,300A40d3ce24bBA,bauercrystal@gay.com,gay.com,Geoffrey,47,Guzman,975.235.8921x269,(983)188-6873,2020-04-23,https://decker-kline.com/
North Kerriton,"Brennan, Acosta and Ramos",Ghana,283DFCD0Dba40aF,bartlettjenna@zuniga-moss.biz,zuniga-moss.biz,Gloria,48,Mccall,445-603-6729,001-395-959-4736x4524,2022-03-11,http://burgess-frank.com/
North Eileenville,Osborne-Erickson,United Arab Emirates,F4Fc91fEAEad286,mccalltyrone@durham-rose.biz,durham-rose.biz,Brady,49,Cohen,741.849.0139x524,+1-028-691-7497x0894,2022-03-10,http://hammond-barron.com/
Port Sergiofort,"Hobbs, Garrett and Sanford",Belarus,80F33Fd2AcebF05,bobhammond@barry.biz,barry.biz,Latoya,50,Mccann,(530)287-4548x29481,162-234-0249x32790,2021-12-02,https://www.burton.com/
New Alberttown,"Phelps, Forbes and Koch",Canada,Aa20BDe68eAb0e9,uwarner@steele-arias.com,steele-arias.com,Gerald,51,Hawkins,+1-323-239-1456x96168,(092)508-0269,2021-03-19,https://valenzuela.com/
South Jasmine,"May, Goodwin and Martin",Algeria,e898eEB1B9FE22b,xpittman@ritter-carney.net,ritter-carney.net,Samuel,52,Crawford,802-242-7457,626.116.9535x8578,2021-03-27,https://guerrero.org/
Cowanfort,"Christian, Winters and Ellis",Swaziland,faCEF517ae7D8eB,vaughanchristy@lara.biz,lara.biz,Patricia,53,Goodwin,322.549.7139x70040,(111)741-4173,2021-03-08,http://clark.info/
New Deborah,Byrd Inc,Madagascar,c09952De6Cda8aA,clinton85@colon-arias.org,colon-arias.org,Stacie,54,Richard,001-622-948-3641x24810,001-731-168-2893x8891,2020-10-15,https://kim.com/
Wallstown,"Nixon, Blackwell and Sosa",Ecuador,f3BEf3Be028166f,greenemiranda@zimmerman.com,zimmerman.com,Robin,55,West,698.303.4267,001-683-837-7651x525,2022-01-13,https://www.mora.com/
Lake Ellenchester,Montes PLC,Palestinian Territory,C6F2Fc6a7948a4e,goodmancesar@figueroa.biz,figueroa.biz,Ralph,56,Haas,2239271999,001-962-434-0867x649,2020-05-25,http://may.com/
Lake Whitney,Costa PLC,Saint Barthelemy,c8FE57cBBdCDcb2,yhanson@warner-diaz.org,warner-diaz.org,Phyllis,57,Maldonado,4500370767,001-508-064-6725x017,2021-01-25,http://www.bernard.com/
East Jaredbury,Novak LLC,United Arab Emirates,B5acdFC982124F2,howelldarren@house-cohen.com,house-cohen.com,Danny,58,Parrish,(669)384-8597x8794,506.731.5952x571,2021-03-17,http://www.parsons-hudson.com/
Selenabury,"Moore, Mccoy and Glass",South Georgia and the South Sandwich Islands,8c7DdF10798bCC3,ncamacho@boone-simmons.org,boone-simmons.org,Kathy,59,Hill,001-171-716-2175x310,888.625.0654,2020-11-15,http://hayden.com/
Huangfort,Petty Ltd,Sao Tome and Principe,C681dDd0cc422f7,kristopher62@oliver.com,oliver.com,Kelli,60,Hardy,020.324.2191x2022,424-157-8216,2020-12-20,http://www.kidd.com/
East Pennyshire,"Brennan, Camacho and Tapia",Portugal,a940cE42e035F28,mpham@rios-guzman.com,rios-guzman.com,Lynn,61,Pham,846.468.6834x611,001-248-691-0006,2020-08-21,https://www.murphy.com/
Port Jasminborough,"Prince, Malone and Pugh",Togo,9Cf5E6AFE0aeBfd,zachary96@mitchell-bryant.org,mitchell-bryant.org,Shelley,62,Harris,423.098.0315x8373,+1-386-458-8944x15194,2020-12-10,https://www.ryan.com/
West Kristine,Caldwell Group,Ethiopia,aEcbe5365BbC67D,kristiwhitney@bernard.com,bernard.com,Eddie,63,Jimenez,+1-235-657-1073x6306,(026)401-7353x2417,2022-03-24,http://cherry.com/
South Julia,Simon LLC,Netherlands,FCBdfCEAe20A8Dc,leah85@sutton-terrell.com,sutton-terrell.com,Chloe,64,Hutchinson,981-544-9452,+1-288-552-4666x060,2022-05-15,https://mitchell.info/
Helenborough,"Knight, Abbott and Hubbard",Liberia,636cBF0835E10ff,levigiles@vincent.com,vincent.com,Eileen,65,Lynch,+1-158-951-4131x53578,001-673-779-6713x680,2021-01-02,http://mckay.com/
Lake Nancy,Church-Banks,Lithuania,fF1b6c9E8Fbf1ff,fisherlinda@schaefer.net,schaefer.net,Fernando,66,Lambert,497.829.9038,3863743398,2021-04-23,https://www.vang.com/
Georgeport,Henderson Inc,New Caledonia,2A13F74EAa7DA6c,scottcurtis@hurley.biz,hurley.biz,Makayla,67,Cannon,001-215-801-6392x46009,027-609-6460,2020-01-20,http://www.velazquez.net/
South Sophiaberg,Donaldson-Dougherty,Kiribati,a014Ec1b9FccC1E,nicholsonnina@montgomery.info,montgomery.info,Tom,68,Alvarado,(585)606-2980x2258,730-797-3594x5614,2020-08-18,http://odom-massey.com/
Hartbury,Warren Ltd,French Southern Territories,421a109cABDf5fa,zvalencia@phelps.com,phelps.com,Virginia,69,Dudley,027.846.3705x14184,+1-439-171-1846x4636,2021-01-31,http://hunter-esparza.com/
Erikaville,Wade PLC,Canada,CC68FD1D3Bbbf22,alex06@galloway.com,galloway.com,Riley,70,Good,6977745822,855-436-7641,2020-02-03,http://conway.org/
Nicolasfort,Keller-Coffey,Iran,CBCd2Ac8E3eBDF9,lee48@manning.com,manning.com,Alexandria,71,Buck,078-900-4760x76668,414-112-8700x68751,2021-02-20,https://ramsey.org/
New Jasmineshire,Conway-Mcbride,Morocco,Ef859092FbEcC07,aharper@maddox-townsend.org,maddox-townsend.org,Richard,72,Roth,581-440-6539,9857827463,2020-02-23,https://www.brooks.com/
East Summerstad,Huynh and Sons,Zimbabwe,F560f2d3cDFb618,buckleycory@odonnell.net,odonnell.net,Candice,73,Keller,001-927-965-8550x92406,001-243-038-4271x53076,2020-08-22,https://www.lucero.com/
Skinnerport,Parrish Ltd,Russian Federation,A3F76Be153Df4a3,angie04@oconnell.com,oconnell.com,Anita,74,Benson,874.617.5668x69878,(399)820-6418x0071,2020-02-09,http://oconnor.com/
Raystad,Guzman-Brown,Solomon Islands,D01Af0AF7cBbFeA,zrosario@rojas-hardin.net,rojas-hardin.net,Regina,75,Stein,001-469-848-0724x4407,001-085-360-4426x00357,2022-01-15,http://www.johnston.info/
Colinhaven,"Chang, Aguirre and Leblanc",United States Virgin Islands,d40e89dCade7b2F,shieldskerry@robles.com,robles.com,Debra,76,Riddle,+1-768-182-6014x14336,(303)961-4491,2020-07-11,http://kaiser.info/
West Reginald,Mason-Hester,Kyrgyz Republic,BF6a1f9bd1bf8DE,mchandler@cochran-huerta.org,cochran-huerta.org,Brittany,77,Zuniga,(050)136-9025,001-480-851-2496x0157,2021-07-24,http://www.boyle.com/
Lake Sherryborough,"Mcguire, Huynh and Hopkins",Myanmar,FfaeFFbbbf280db,katrinalane@fitzgerald.com,fitzgerald.com,Cassidy,78,Mcmahon,5040771311,684-682-0021x1326,2020-10-21,https://hurst.com/
Port Katherineville,"Sanchez, Marsh and Hale",Dominica,CbAE1d1e9a8dCb1,cookejill@powell.com,powell.com,Laurie,79,Pennington,007.155.3406x553,+1-809-862-5566x277,2020-06-08,http://www.hebert.com/
Thomasland,"Combs, Waller and Durham",Iceland,A7F85c1DE4dB87f,elizabethbarr@ewing.com,ewing.com,Alejandro,80,Blair,(690)068-4641x51468,555.509.8691x2329,2020-09-19,https://mercado-blevins.com/
Coreybury,Blankenship-Arias,Micronesia,D6CEAfb3BDbaa1A,corey75@wiggins.com,wiggins.com,Leslie,81,Jennings,629.198.6346,075.256.0829,2021-11-13,https://www.juarez.com/
Lake Janiceton,"Coffey, Lamb and Johnson",Saint Vincent and the Grenadines,Ebdb6F6F7c90b69,chloelester@higgins-wilkinson.com,higgins-wilkinson.com,Kathleen,82,Mckay,(733)910-9968,(691)247-4128x0665,2021-09-12,http://www.owens-mooney.com/
East Clinton,Fitzpatrick-Lawrence,Isle of Man,E8E7e8Cfe516ef0,isaac26@benton-finley.com,benton-finley.com,Hunter,83,Moreno,(733)833-6754,001-761-013-7121,2020-12-28,http://walls.info/
South Joshuashire,Garcia-Jimenez,Oman,78C06E9b6B3DF20,justinwalters@jimenez.com,jimenez.com,Chad,84,Davidson,8275702958,(804)842-4715,2021-11-15,http://www.garner-oliver.com/
New Glenda,"Mcdonald, Bird and Ramirez",Fiji,03A1E62ADdeb31c,maurice46@morgan.com,morgan.com,Corey,85,Holt,001-439-242-4986x7918,3162708934,2020-02-18,http://www.watson.com/
North Jillianview,Stephens Inc,New Zealand,C6763c99d0bd16D,walter83@juarez.org,juarez.org,Emma,86,Cunningham,128-059-0206x60217,(312)164-4545x2284,2022-05-13,http://www.reid.info/
Lyonsberg,Montoya-Miller,Maldives,ebe77E5Bf9476CE,kmercer@wagner.com,wagner.com,Duane,87,Woods,(636)544-7783x7288,(203)287-1003x5932,2020-07-21,http://murray.org/
East Cristinabury,"Vaughn, Watts and Leach",Benin,E4Bbcd8AD81fC5f,vcantu@norton.com,norton.com,Alison,88,Vargas,365-273-8144,053-308-7653x6287,2020-11-10,http://mason.info/
Thomasfurt,Carter-Strickland,Yemen,efeb73245CDf1fF,hilljesse@barrett.info,barrett.info,Vernon,89,Kane,114-854-1159x555,499-608-4612,2021-04-15,http://www.duffy-hensley.net/
North Joeburgh,Decker-Mcknight,Namibia,37Ec4B395641c1E,tyrone77@valenzuela.info,valenzuela.info,Lori,90,Flowers,679.415.1210,945-842-3659x4581,2021-01-09,http://www.deleon-crosby.com/
Cassidychester,Byrd-Campbell,Bhutan,5ef6d3eefdD43bE,elliserica@frank.com,frank.com,Nina,91,Chavez,053-344-3205,+1-330-920-5422x571,2020-03-26,https://www.pugh.com/
South Dannymouth,Rocha-Hart,Hungary,98b3aeDcC3B9FF3,nsteele@sparks.com,sparks.com,Shane,92,Foley,+1-822-569-0302,001-626-114-5844x55073,2021-07-06,https://www.holt-sparks.com/
South Lonnie,Lamb-Peterson,Anguilla,aAb6AFc7AfD0fF3,dudleyemily@gonzales.biz,gonzales.biz,Collin,93,Ayers,404-645-5351x012,001-257-582-8850x8516,2021-06-29,http://www.ruiz.com/
Frankchester,"Lee, Lucero and Johnson",Solomon Islands,54B5B5Fe9F1B6C5,alan79@gates-mclaughlin.com,gates-mclaughlin.com,Sherry,94,Young,158-687-1764,(438)375-6207x003,2021-04-04,https://travis.net/
Daisyborough,"Newton, Petersen and Mathis",Mali,BE91A0bdcA49Bbc,grayjean@lowery-good.com,lowery-good.com,Darrell,95,Douglas,001-084-845-9524x1777,001-769-564-6303,2022-02-17,https://banks.biz/
East Richard,Carey LLC,Guyana,cb8E23e48d22Eae,hhart@jensen.com,jensen.com,Karl,96,Greer,(188)169-1674x58692,001-841-293-3519x614,2022-01-30,http://hayes-perez.com/
New Bradview,"Ware, Burns and Oneal",Sri Lanka,CeD220bdAaCfaDf,vkemp@ferrell.com,ferrell.com,Lynn,97,Atkinson,+1-846-706-2218,605.413.3198,2021-07-10,https://novak-allison.com/
Ortegaland,Schmitt-Jones,Solomon Islands,28CDbC0dFe4b1Db,swagner@kane.org,kane.org,Fred,98,Guerra,+1-753-067-8419x7170,+1-632-666-7507x92121,2021-09-18,https://www.ross.com/
Lake Elijahview,Fitzgerald-Harrell,Aruba,c23d1D9EE8DEB0A,mccarthystephen@horn-green.biz,horn-green.biz,Yvonne,99,Farmer,(530)311-9786,001-869-452-0943x12424,2021-08-11,http://watkins.info/
Judymouth,"Le, Nash and Cross",Honduras,2354a0E336A91A1,colleen91@faulkner.biz,faulkner.biz,Clarence,100,Haynes,(753)813-6941,783.639.1472,2020-03-11,http://www.hatfield-saunders.net/
